{"cameraMode":{"drawMode":0,"name":"Shaded","section":"Shading Mode"},"sceneLighting":false,"audioPlay":false,"sceneViewState":{"m_AlwaysRefresh":false,"showFog":true,"showSkybox":true,"showFlares":true,"showImageEffects":true,"showParticleSystems":true,"showVisualEffectGraphs":true,"m_FxEnabled":true},"in2DMode":false,"pivot":{"x":-0.6239933967590332,"y":2.057508707046509,"z":-9.532556533813477},"rotation":{"x":0.11849705129861832,"y":-0.025315994396805764,"z":0.003090685699135065,"w":0.9926722645759583},"size":1.1217626333236695,"orthographic":false}